keyword,language,topic,topicColor,keywordColor,limitPages,ratioNew
'Temperatursturz',de,Hazard,#b71c1c,#ef9a9a,1,0.0770336666378196
'Frost',de,Impacts,#1a237e,#3f51b5,3,0.0528334218770715
'Wintereinbruch',de,Hazard,#b71c1c,#eb8383,1,0.0333485535817824
'Glatteis',de,Impacts,#1a237e,#b3e5fc,1,0.0234027769128257
'Kälteeinbruch',de,Hazard,#b71a3c,#ef9a9a,1,0.0209873111286635
'Kältewelle',de,Hazard,#b71c1c,#d32f2f,1,0.0182463407928602
'Kälte Heizen',de,Adaptation,#1b5e20,#4caf50,1,0.0171688156948109
'Polarwirbel',de,Causes,#ffeb3b,#fff59d,1,0.0167275867204081
'Kältebus',de,Adaptation,#1b5e20,#2cd133,1,0.0156593737779001
'Kalte Luftmassen',de,Causes,#ffeb3b,#ffd54f,1,0.015039140612836
'Kaltluft',de,Causes,#fbdb2b,#ffd54f,1,0.0145368909445819
'Kaltfront Winter',de,Causes,#fbdb2b,#f1f7ab,1,0.0134081211262597
'Wärmestuben Kälte',de,Adaptation,#1b5e20,#014a07,1,0.0098508713802433
'Kältewelle Klimakrise',de,Causes,#ffeb3b,#d7e34f,1,0.0076534749509417
'Autounfall Glätte',de,Impacts,#1a237e,#081e99,1,0.0073021296059476
'Kältewelle Klimawandel',de,Causes,#ffeb3b,#ede9c2,1,0.0048883813677755
'Jahrhundertwinter',de,Hazard,#b71c1c,#730606,1,0.0048299708404547
'Abkühlung Lufttemperatur',de,Causes,#ffeb3b,#edd895,1,0.0042794235958793
'Frosttage',de,Hazard,#a31b1f,#d32f2f,1,0.0021035926510488
'Eistage',de,Hazard,#a71c1c,#d32f2f,1,0.0017391889589094
'Heiztage',de,Hazard,#b41a17,#d32f2f,1,4.410561330154811e-05
'Verbesserung Energieeffizienz Kältewellen',de,Mitigation,#4a0144,#1b5e20,1,9.333360209110329e-06
'Emissionen senken Kältewellen',de,Mitigation,#4a0144,#4a0a45,1,5.067584301852267e-06
