,phrase,label,sentiment,subjectivity,language,count
Berlin,,,,,,
Glatteis,,,,,,
Brandenburg,,,,,,
Deutschland,,,,,,
Deutschlands,,,,,,
Bayern,,,,,,
Hessen,,,,,,
Schnee,,,,,,
Rheinland-Pfalz,,,,,,
Niedersachsen,,,,,,
Hamburg,,,,,,
Saarland,,,,,,
NRW,,,,,,
USA,,,,,,
Sachsen,,,,,,
Baden-Württemberg,,,,,,
Mecklenburg-Vorpommern,,,,,,
Bremen,,,,,,
Nordrhein-Westfalen,,,,,,
Thüringen,,,,,,
…,,,,,,
Landes,,,,,,
“,,,,,,
Europa,,,,,,
Russland,,,,,,
Offenbach,,,,,,
Alpen,,,,,,
Regen,,,,,,
Sachsen-Anhalt,,,,,,
Frost,,,,,,
Schleswig-Holstein,,,,,,
Ukraine,,,,,,
Temperatursturz,,,,,,
Florida,,,,,,
Unfälle,,,,,,
Berlins,,,,,,
Potsdam,,,,,,
Bayerns,,,,,,
den USA,,,,,,
Brand,,,,,,
Erzgebirge,,,,,,
Hannover,,,,,,
München,,,,,,
Stadt,,,,,,
Brandenburgs,,,,,,
Wien,,,,,,
Wintereinbruch,,,,,,
Meteorologen,,,,,,
Österreich,,,,,,
Nebel,,,,,,
Wochenmitte,,,,,,
Frankfurt,,,,,,
Kuba,,,,,,
Norddeutschland,,,,,,
Eisregen,,,,,,
Glatteisgefahr,,,,,,
Schneeverwehungen,,,,,,
Ostsee,,,,,,
A3,,,,,,
Steiermark,,,,,,
Kiew,,,,,,
Freistaat,,,,,,
Streusalz,,,,,,
Halle,,,,,,
Flughafen BER,,,,,,
Niedersachsens,,,,,,
Harz,,,,,,
Ludwigsburg,,,,,,
Burgenland,,,,,,
Stuttgart,,,,,,
Temperaturen,,,,,,
Dauerfrost,,,,,,
Europas,,,,,,
Glätte,,,,,,
Dauereinsatz,,,,,,
Oberpfalz,,,,,,
Regensburg,,,,,,
Neuschnee,,,,,,
Osnabrück,,,,,,
Winterwetter,,,,,,
Bergen,,,,,,
Warnungen,,,,,,
Schüssen,,,,,,
A10,,,,,,
Nabu,,,,,,
Schneeschauer,,,,,,
Franken,,,,,,
Kaltfront,,,,,,
Blitzeis,,,,,,
Dauerregen,,,,,,
A1,,,,,,
Würzburg,,,,,,
Glatteis-Gefahr,,,,,,
Frankfurter Flughafen,,,,,,
Schneetreiben,,,,,,
Landgericht Berlin,,,,,,
lsw,,,,,,
Niederbayern,,,,,,
Vorpommern,,,,,,
Winterdienste,,,,,,
Tag,,,,,,
"Sturmtief ""Elli",,,,,,
MV,,,,,,
Schneesturm,,,,,,
Nordsee,,,,,,
Niederösterreich,,,,,,
Silvesternacht,,,,,,
Moabit,,,,,,
Baden-Württembergs,,,,,,
Spanien,,,,,,
New York,,,,,,
Tierpark Nordhorn,,,,,,
Schneeregen,,,,,,
Saale,,,,,,
Winter-Chaos,,,,,,
South Carolina,,,,,,
A7,,,,,,
Mount Everest,,,,,,
Notstand,,,,,,
Tirol,,,,,,
Hessens,,,,,,
A9,,,,,,
Autobahn 93,,,,,,
US-Präsident,,,,,,
Karibik,,,,,,
Unfallkrankenhaus,,,,,,
Landkreis Ludwigslust-Parchim,,,,,,
Bombenzyklon,,,,,,
North,,,,,,
Amsterdam,,,,,,
Dresden,,,,,,
Schneeflocken,,,,,,
Rhein-Main,,,,,,
Salzburg,,,,,,
Charkiw,,,,,,
Tiroler,,,,,,
Unfällen,,,,,,
Orkanböen,,,,,,
Dienstag,,,,,,
Ibiza,,,,,,
Kyjiw,,,,,,
Vorarlberg,,,,,,
Ostdeutschlands,,,,,,
Schauern,,,,,,
Minusgrade,,,,,,
Autobahn 1,,,,,,
gefrierender Regen,,,,,,
Mittelhessen,,,,,,
Flughafen Wien,,,,,,
Rosenmontag,,,,,,
Gl…,,,,,,
Notfälle,,,,,,
Rhein-Main-Liveblog,,,,,,
A21,,,,,,
Mecklenburg-Vorpommerns,,,,,,
Glättegefahr,,,,,,
Sturmböen,,,,,,
Nordamerika,,,,,,
Nordpol,,,,,,
Ostdeutschland,,,,,,
Wochenende,,,,,,
Staus,,,,,,
Flughafen,,,,,,
Kentucky,,,,,,
Georgia,,,,,,
Verkehrsbehinderungen,,,,,,
der Schweiz,,,,,,
Sturm,,,,,,
Streugut,,,,,,
Achim,,,,,,
Leipzig,,,,,,
Moskau,,,,,,
Kreml,,,,,,
A93,,,,,,
Gießener,,,,,,
Region Hannover,,,,,,
Liebenau-Gugu,,,,,,
Maxhütte-Haidhof,,,,,,
Emsland,,,,,,
Erbeskopf,,,,,,
Berlin-Moabit,,,,,,
Schnees,,,,,,
Sonne am Tag,,,,,,
Gehwegen,,,,,,
Kärnten,,,,,,
Wahn,,,,,,
Erfurt,,,,,,
Landkreis Ostprignitz-Ruppin,,,,,,
Hochtouren,,,,,,
Anmarsch,,,,,,
Pongau,,,,,,
Land…,,,,,,
Autobahn 27,,,,,,
Morgenstunden,,,,,,
Verkehrsteilnehmende,,,,,,
Landkreis Heidenheim,,,,,,
Elbe,,,,,,
Südhälfte Brandenburgs,,,,,,
Österreichs,,,,,,
Mittelfranken,,,,,,
Sonne am Wochenende,,,,,,
Nässe,,,,,,
Jena,,,,,,
Eis,,,,,,
Landesteilen,,,,,,
Essen,,,,,,
Privacy Center,,,,,,
Kältewelle,,,,,,
Provinz Matanzas,,,,,,
Metern Seehöhe,,,,,,
Krankenhäuser,,,,,,
Schulausfälle,,,,,,
Innsbruck,,,,,,
Liveblog,,,,,,
Glatteis-Unfällen,,,,,,
Küste,,,,,,
Virginia,,,,,,
Flughafen Berlin Brandenburg,,,,,,
Tennessee,,,,,,
Untermain,,,,,,
Potsdamer,,,,,,
Wetterexperten,,,,,,
Landkreis Stendal,,,,,,
Schneespaß,,,,,,
Elli,,,,,,
Wind,,,,,,
Einschränkungen,,,,,,
Süddeutschland,,,,,,
Schulausfällen,,,,,,
Baustellen,,,,,,
Hochdruckeinfluss,,,,,,
Kiel,,,,,,
Rügen,,,,,,
Bayreuth,,,,,,
Freitagvormittag,,,,,,
Westautobahn,,,,,,
Oberkärnten,,,,,,
Oberösterreich,,,,,,
Speranza,,,,,,
Schneefall,,,,,,
Kliniken,,,,,,
Karnevals-Höhepunkt,,,,,,
Niagarafälle,,,,,,
Hamburgs,,,,,,
Sprühregen,,,,,,
Sonntag Glatteis,,,,,,
Kiels Kältebus,,,,,,
Schlafsäcken,,,,,,
Südschwarzwald,,,,,,
D…,,,,,,
Suppe,,,,,,
Kakao,,,,,,
Windböen,,,,,,
Rodelspaß,,,,,,
Leer,,,,,,
Trab,,,,,,
Brocken,,,,,,
Mainz,,,,,,
sn,,,,,,
Potsdam/Berlin,,,,,,
Hochlagen,,,,,,
Mitteldeutschland,,,,,,
Schwäbischen Alb,,,,,,
Holland,,,,,,
Botanischen Garten,,,,,,
Nachtfröste,,,,,,
Eiskratzer,,,,,,
Oberbayern,,,,,,
Balkon,,,,,,
Bodennähe,,,,,,
Bayerischen Wald,,,,,,
Hitze,,,,,,
Polarwirbels,,,,,,
Hochkar,,,,,,
Streusalz-Alternativen,,,,,,
Bodensee,,,,,,
China,,,,,,
Jänner,,,,,,
Neustadt/Dosse,,,,,,
Vereinigten Staaten,,,,,,
Ost-,,,,,,
Wasserkuppe,,,,,,
Lebensgefahr,,,,,,
Oleander,,,,,,
Korsika,,,,,,
Landeshälfte,,,,,,
Wochenanfang,,,,,,
Sonnenschein,,,,,,
Hochgebirge,,,,,,
Wiesbaden,,,,,,
Starkregen,,,,,,
Verkehrsbetriebe,,,,,,
Gebäuden,,,,,,
Reutte,,,,,,
Emden,,,,,,
Eisschollen,,,,,,
Landkreis Hameln-Pyrmont Mülltonnen,,,,,,
Alten Donau,,,,,,
Tirols,,,,,,
Oberallgäu,,,,,,
Tiefrekorde,,,,,,
New Yorker,,,,,,
Hövelhof,,,,,,
New Jersey,,,,,,
Leguane,,,,,,
Bezirk Schwaz,,,,,,
Abu Dhabi,,,,,,
Ostwind,,,,,,
Hauptstadtflughafen BER,,,,,,
Ostseeküste,,,,,,
Nord-,,,,,,
Schweizern,,,,,,
Milliardenhöhe,,,,,,
Extremsturm,,,,,,
Rekordkälte an der Ostküste,,,,,,
Hohenschönhausen,,,,,,
Nordseehäfen,,,,,,
Flugausfälle,,,,,,
Paris,,,,,,
Vollbetrieb,,,,,,
Razzia,,,,,,
Notunterkünfte,,,,,,
Winter-Wetter,,,,,,
Deutschlandweit,,,,,,
Kürten,,,,,,
Bergland,,,,,,
Landes…,,,,,,
Leibe,,,,,,
Regenmassen,,,,,,
Gartenliebhaber,,,,,,
Kältestarre,,,,,,
Niederlande,,,,,,
Böen,,,,,,
Kaltfront Brandenburg,,,,,,
Terminalbetreiber Eurogate,,,,,,
Tiefdruckeinfluss,,,,,,
Straße,,,,,,
Klagenfurt,,,,,,
Lienz,,,,,,
Ost…,,,,,,
Schlafsäcke,,,,,,
FDP-Chef,,,,,,
Mittelgebirge,,,,,,
Wintereinbruc…,,,,,,
Glatteis-Chaos,,,,,,
Dreikönigstag,,,,,,
Temperaturen Höchstwerte,,,,,,
Prüfstand,,,,,,
Niederlanden,,,,,,
Brenner,,,,,,
Großbritannien,,,,,,
Sa…,,,,,,
Prognosen,,,,,,
Energiedienstleisters Techem,,,,,,
Airport Wien,,,,,,
Glatteis am Morgen,,,,,,
Berliner Landgericht,,,,,,
Glätte-Unfälle,,,,,,
Eisglätte,,,,,,
Tauwetter,,,,,,
Brandstiftungen,,,,,,
Flughafen Frankfurt,,,,,,
Unwetterfront,,,,,,
Gefrierender Regen,,,,,,
Hannover/Bremen,,,,,,
Feuerwehren,,,,,,
Heizbedarf,,,,,,
Halle (Saale,,,,,,
Trümmerfelder,,,,,,
NRW-Straßen,,,,,,
Sachsens,,,,,,
Ausfälle,,,,,,
Frostschäden,,,,,,
Schneegriesel,,,,,,
Kalter Morgen,,,,,,
Samstagfrüh,,,,,,
Winterspaziergängen,,,,,,
Autobahn 42,,,,,,
Vuelta,,,,,,
Russlands,,,,,,
Landkreis Grafschaft Bentheim,,,,,,
Kamtschatka,,,,,,
Ruhrgebiet,,,,,,
A42,,,,,,
Eiseskälte,,,,,,
Schneefälle,,,,,,
Sturmtief Elli,,,,,,
Bauhof,,,,,,
Ex-Jugoslawien,,,,,,
Volles Haus,,,,,,
Eisblöcke,,,,,,
Kältebus München,,,,,,
Geschlossene Schneedecke,,,,,,
Nachbarn,,,,,,
Stadt Achim,,,,,,
Stadt Frankfurt,,,,,,
Fashion Week,,,,,,
Patsch,,,,,,
A13,,,,,,
Tiroler Brennerautobahn,,,,,,
North Carolina,,,,,,
t3n.de,,,,,,
Härten,,,,,,
Frankfurt am Main,,,,,,
A4,,,,,,
frostig-eisig,,,,,,
Sauerland,,,,,,
Wetterdienst,,,,,,
Guben,,,,,,
Düsseldorf,,,,,,
Distanzunterricht,,,,,,
Staat,,,,,,
US-Wintersturm,,,,,,
Hitzerekorde,,,,,,
Lawinengefahr,,,,,,
Schwarzwald,,,,,,
Arbeitsplatz,,,,,,
d…,,,,,,
Fichtelberg,,,,,,
Bezirk Liezen,,,,,,
Schockstarre,,,,,,
Glatteis-Sturz am Bahnübergang,,,,,,
Südosthessen am Morgen,,,,,,
Mittelgebirgen,,,,,,
Minutentakt,,,,,,
Tübingen,,,,,,
Ostbayern,,,,,,
Achtung Glätte,,,,,,
Oder,,,,,,
Rhein,,,,,,
lhe,,,,,,
Odenwald,,,,,,
Kleingärten,,,,,,
Hiddensee,,,,,,
Ostereier,,,,,,
A2,,,,,,
Usedom,,,,,,
Beeinträchtigungen,,,,,,
Nationalpark Donauauen,,,,,,
Reich von Russlands,,,,,,
St…,,,,,,
Formentera,,,,,,
Bahn stockt,,,,,,
Helgoland,,,,,,
Hochseeinsel,,,,,,
Kernhofer,,,,,,
Donnerstagfrüh,,,,,,
Hasel,,,,,,
Rutschpartien,,,,,,
Feldberg,,,,,,
Schwechat,,,,,,
Glatteises,,,,,,
Iberische Halbinsel,,,,,,
Waldgrenze,,,,,,
Wal-Drama,,,,,,
Plantagen,,,,,,
Windbands,,,,,,
Baubranche,,,,,,
Autobahn 3,,,,,,
Eissalons,,,,,,
B311,,,,,,
Salzburgs,,,,,,
Land,,,,,,
Spätherbst,,,,,,
winterlich-kalt,,,,,,
Sonntagnachmittag,,,,,,
Weihnachtsmarkt-Wetter,,,,,,
Fahrbahn,,,,,,
lrs,,,,,,
Alb,,,,,,
Saalfelden,,,,,,
Tramuntana-Gebirge,,,,,,
Pinzgau,,,,,,
Landkreisen,,,,,,
Ulm,,,,,,
Wetter-Achterbahn,,,,,,
Leverkusen,,,,,,
Frankreich,,,,,,
Wetteraussichten,,,,,,
Magnolien,,,,,,
Brennholz,,,,,,
Wetterausblick,,,,,,
Hessisch Lichtenau,,,,,,
Mützen,,,,,,
Aprilwetter,,,,,,
US-Bundesstaaten,,,,,,
Gaspreise,,,,,,
Schulgesetz,,,,,,
Uber Arena,,,,,,
Willingen,,,,,,
Kärntner,,,,,,
Friedrichshain,,,,,,
Ballermann,,,,,,
Playa de Palma,,,,,,
Nachtstunden,,,,,,
Schneemann,,,,,,
Hausaufgaben,,,,,,
Nordbayern,,,,,,
Landkreis Spree-Neiße,,,,,,
Naemi Wilke,,,,,,
Diakonie-Krankenhaus,,,,,,
Eschenheimer Tor,,,,,,
Maltesern,,,,,,
zufroren,,,,,,
Gscheid,,,,,,
Bezirk Lilienfeld,,,,,,
Nordhessen,,,,,,
Nordwestwind,,,,,,
Englands,,,,,,
Cottbus,,,,,,
Nordbayerns,,,,,,
BG Unfallkrankenhaus,,,,,,
Brandenburger,,,,,,
Winter-Stimmung,,,,,,
Branchenvertretern,,,,,,
M…,,,,,,
Grad …,,,,,,
Mexiko-Stadt,,,,,,
Achterbahn,,,,,,
Italien,,,,,,
Bereichsfeuerwehrverband Liezen,,,,,,
Hamburg-Berlin,,,,,,
Italiens,,,,,,
Taumittel,,,,,,
Berliner Straßen,,,,,,
Neusiedler See,,,,,,
Gewitterfront,,,,,,
Polarfront,,,,,,
Landtag,,,,,,
Taumitteln,,,,,,
Frühstunden,,,,,,
Niedersachs…,,,,,,
Nordburgenland,,,,,,
Notbremse,,,,,,
Hause,,,,,,
Winterchaos,,,,,,
Srinagar,,,,,,
Fußgänger,,,,,,
Todesursachen,,,,,,
Warndreieck,,,,,,
Tuchel,,,,,,
England,,,,,,
Sant Josep,,,,,,
Epochenbruch,,,,,,
freundlich,,,,,,
Gepäck,,,,,,
Montagvormittag,,,,,,
Rutsch-Alarm,,,,,,
Bad Hersfeld West,,,,,,
Autobahn 7,,,,,,
Tierpark,,,,,,
Homberg,,,,,,
Wetter-Chaos,,,,,,
Efze,,,,,,
Rettung im Dauereinsatz,,,,,,
Landkreis Wesermarsch,,,,,,
Schwalm-Eder-Kreis,,,,,,
Südbayern,,,,,,
Eisflächen,,,,,,
Bundesrepublik,,,,,,
Oberfranken,,,,,,
Weißes Haus,,,,,,
Wintersturm,,,,,,
Kreise,,,,,,
Autobahn 8,,,,,,
Nordhorn,,,,,,
Homberg/Efze,,,,,,
Meckle…,,,,,,
Rh…,,,,,,
Insel Borkum,,,,,,
weiterlesenFont,,,,,,
Ostereiern,,,,,,
Nächten,,,,,,
Körpergefühl,,,,,,
Flachgau,,,,,,
Gießen,,,,,,
Hünstetten,,,,,,
Umkleide,,,,,,
Hattersheim,,,,,,
Faistenau,,,,,,
TTS-Player,,,,,,
Marillen,,,,,,
Kreis Soest m,,,,,,
Wiener Alpen,,,,,,
Aichelberg,,,,,,
gerut…,,,,,,
einfroren,,,,,,
Gefrierbrand,,,,,,
Kitzbühel,,,,,,
Greifswald/Neubrandenburg,,,,,,
lmv,,,,,,
Oste…,,,,,,
Land Tirol,,,,,,
Feuerpause,,,,,,
baden,,,,,,
Morgen,,,,,,
Zeit schmilzt,,,,,,
Gefrierfach,,,,,,
Reichweite,,,,,,
Sch…,,,,,,
Schnaken,,,,,,
Gewitter,,,,,,
Tief Marlis,,,,,,
Sturmböen peitschen,,,,,,
Glatteis-Stürzen,,,,,,
St. Johann,,,,,,
Frühsommer,,,,,,
Mann,,,,,,
Expertenangaben,,,,,,
Ostholstein,,,,,,
Milde Temperaturen und Sonnenschein,,,,,,
Sc…,,,,,,
Schneefahrbahn,,,,,,
Tief,,,,,,
Berli,,,,,,
Taxenbach,,,,,,
Berliner Autobahn,,,,,,
Marzahn,,,,,,
Höchstwerte,,,,,,
winterglatte Fahrbahn,,,,,,
Sonntag hochsommerlich,,,,,,
Osnabrüc…,,,,,,
Nordfriesland ka…,,,,,,
Kieler Kältebus,,,,,,
weiterlesenKöln,,,,,,
Heizbedarf in Amerika,,,,,,
Donnerstagabends,,,,,,
Donnerstagmorgen,,,,,,
Niagara-Fälle,,,,,,
Lungau,,,,,,
den Vereinigten Staaten,,,,,,
Gef…,,,,,,
Südstaat Florida,,,,,,
Wiener Außenring Autobahn,,,,,,
Greifswald,,,,,,
Deutsc…,,,,,,
Unwetterartiger,,,,,,
Charité,,,,,,
Glatteis-Unfälle,,,,,,
Münsterland,,,,,,
Autobahn 10,,,,,,
Bundeslands,,,,,,
Ofen,,,,,,
Berlin-Hamburg,,,,,,
Flughafen München,,,,,,
Obstbauern,,,,,,
Frostperiode,,,,,,
Sprühnebel,,,,,,
Schierke,,,,,,
Regenfälle,,,,,,
Äste,,,,,,
Straßengräben,,,,,,
Oberflächenwasser,,,,,,
Ontario,,,,,,
kanadisch-amerikanischen Grenze,,,,,,
Rohbauphasen,,,,,,
Kanadas,,,,,,
bibberkalt,,,,,,
Eis in der Karibik,,,,,,
trop…,,,,,,
Karibik-Insel,,,,,,
Urlaubsinsel,,,,,,
Offenbach mittei…,,,,,,
F…,,,,,,
Gegenfahrbahn,,,,,,
Spott,,,,,,
Fernwärme-Frust,,,,,,
Ostsachsen,,,,,,
Kreis Pinneberg,,,,,,
Salzvorräte,,,,,,
Kreisstraßen,,,,,,
gefrier…,,,,,,
Treptow-Köpenick,,,,,,
Kaltluft,,,,,,
Fahrland,,,,,,
Obsthofs Horn…,,,,,,
Groß Offenseth-Aspern,,,,,,
Raps,,,,,,
A5,,,,,,
Hohen Peißenberg,,,,,,
Löwenzahn,,,,,,
Kyjiwer Hochhäusern,,,,,,
Wendland,,,,,,
B…,,,,,,
Breisgau,,,,,,
Offenbach/Berlin,,,,,,
Flughafen Berlin-Brandenburg,,,,,,
BER,,,,,,
weiterlesenRegensburg,,,,,,
weiterlesenAufgepasst,,,,,,
Glatteis-Risiko,,,,,,
Sommerstart,,,,,,
Flughafen Berlin BER,,,,,,
pfui,,,,,,
Schloss Wackerbarth,,,,,,
Streusalz-Zoff,,,,,,
Streusalz-Aktion,,,,,,
HamburgBerlin,,,,,,
Tag T-Shirt,,,,,,
Görlitz,,,,,,
Bautzen,,,,,,
Eisbahnen,,,,,,
Nabu-Chef,,,,,,
Sunshine State,,,,,,
Schnee-Comeback,,,,,,
Nabu Berlin,,,,,,
Wa…,,,,,,
Umweltgründen,,,,,,
Skovos,,,,,,
Diablo,,,,,,
Frost-Lich-Nekromant,,,,,,
Osthälf…,,,,,,
Mährobotern,,,,,,
Absatzvolumen,,,,,,
Washington,,,,,,
Winterwetter für Baustellen,,,,,,
Glatteis-Unfall,,,,,,
Papenburg,,,,,,
Sturmböen“,,,,,,
Tausalz,,,,,,
Alpenrand te,,,,,,
Toten,,,,,,
See,,,,,,
Parks,,,,,,
Elbtal,,,,,,
Akku-Netzen,,,,,,
Liveticker,,,,,,
Offenbach mitte…,,,,,,
Waffenruhevorstoß,,,,,,
… NANTONG,,,,,,
Pinguine,,,,,,
halbe Republik,,,,,,
Frühjahrs-Sonne,,,,,,
weiterlesenWenn,,,,,,
Südflorida,,,,,,
North Carol…,,,,,,
Süd…,,,,,,
North …,,,,,,
Karnevalssaison,,,,,,
Ostwestfalen,,,,,,
Kulissen,,,,,,
Ode…,,,,,,
Grünflächen,,,,,,
Biesdorfer Baggersee,,,,,,
Berliner Gehwegen,,,,,,
Landkreis Esslingen,,,,,,
Landes Temperaturen,,,,,,
Greifs…,,,,,,
Steiermark Temperaturen,,,,,,
Erle,,,,,,
bibberkalte Temperaturen,,,,,,
Unterrichtsausfälle,,,,,,
Frankfurter Flughafens,,,,,,
Karibikstaat Kuba,,,,,,
We…,,,,,,
Nordschwaben,,,,,,
Deutschlands am Morgen,,,,,,
Eises,,,,,,
Autobahnen,,,,,,
Karibikstaat,,,,,,
Mai Sachsen-Anhalt,,,,,,
Bundesstraßen,,,,,,
Nordbahn,,,,,,
Schlaglöcher,,,,,,
Palmer,,,,,,
Island,,,,,,
Grönland,,,,,,
Metro-Stationen,,,,,,
Abgeordnetenhaus,,,,,,
Sicherheitsfirma,,,,,,
Zillertaler Stilluptal,,,,,,
Feuerwehreinsatz,,,,,,
Temperaturen am Morgen,,,,,,
Te…,,,,,,
Streusalzverbot,,,,,,
Berliner Abgeordnetenhaus,,,,,,
Heizungen,,,,,,
Überraschungen,,,,,,
"Flughafen 
",,,,,,
weiterlesenNach,,,,,,
Eisplatten,,,,,,
Rügens Küste,,,,,,
Eichenprozessionsspinner,,,,,,
Unheilig-Auftritte,,,,,,
verg…,,,,,,
Immobilieneigentümern,,,,,,
Oldenburg/Bremen,,,,,,
Schneechaos,,,,,,
Folge</li><li,,,,,,
Stürzens</li><li,,,,,,
tiefwinterlich,,,,,,
Fünf-Minuten-Weg,,,,,,
Spiegelglatte,,,,,,
Orthopäden,,,,,,
Unfallchirurgen,,,,,,
Energieversorgers Gasag,,,,,,
Frankenwald,,,,,,
Fichtelberg …,,,,,,
Oberpfälzer Wald,,,,,,
Heizölpreise,,,,,,
Tennengau,,,,,,
Pinzgauer Straße,,,,,,
Bischofshofen,,,,,,
Garmisch-Partenkirchen,,,,,,
Offenbach vorhers…,,,,,,
Glatteisrisiko,,,,,,
besond…,,,,,,
Alpenrand,,,,,,
Oberpfalz sta,,,,,,
Gefährliche Glätte,,,,,,
gefrierenden Regen,,,,,,
Schnee“,,,,,,
Caritas-Winter-Notschlafstelle Graz,,,,,,
Sonntag Schnee,,,,,,
Temperaturen absacken,,,,,,
Mallorca,,,,,,
Bucht vom Purt de Sóller,,,,,,
Puig Major,,,,,,
Hoffenheim,,,,,,
Wirtschaftskammer Tirol,,,,,,
Glatteis-Sturz,,,,,,
Was,,,,,,
Oberhausen,,,,,,
Obertshausen,,,,,,
Kreis Offenbach,,,,,,
Samstagabend,,,,,,
Polizeidienststellen,,,,,,
Cuxhaven,,,,,,
Jever,,,,,,
Di…,,,,,,
DeutschlandsGlatte,,,,,,
Magdeburg/Halle,,,,,,
Befürchtetes Glättechaos,,,,,,
Sturmböen an der Nordsee,,,,,,
Steilufer,,,,,,
Hei…,,,,,,
Ladezustand,,,,,,
China-Route,,,,,,
Gespräche,,,,,,
Verbrenner-Aus,,,,,,
CSU-Chef,,,,,,
ARD-aktuell,,,,,,
Ski-Looks,,,,,,
Ski-Saison,,,,,,
Frieda,,,,,,
Straße im Winter,,,,,,
Kältehilfe,,,,,,
Minusgraden,,,,,,
Poseck,,,,,,
Heiligabend,,,,,,
NRWs örtl,,,,,,
Winteranfang,,,,,,
Mittelmeer,,,,,,
Frost-Fest,,,,,,
Wolkenfelder,,,,,,
Bussen,,,,,,
St. Johannes Baptist,,,,,,
Oberschwaben Schnee,,,,,,
Schottland,,,,,,
Arktis,,,,,,
Täle…,,,,,,
Ausrüstungen,,,,,,
Wintersporthandel,,,,,,
Hessen Offenbach,,,,,,
GIeßen,,,,,,
Balearen,,,,,,
Alpengebiet,,,,,,
Aschaffenburg,,,,,,
Berchtesgaden,,,,,,
SZ,,,,,,
Och,,,,,,
Schmerzensgeld,,,,,,
Amtsgerichts München,,,,,,
Polarwirbel,,,,,,
Illinois,,,,,,
Celsius,,,,,,
Frühlingsgefühle,,,,,,
sch…,,,,,,
Falschparkens,,,,,,
Notquartiere,,,,,,
Wintersportsaison,,,,,,
Tauplitz,,,,,,
Loser,,,,,,
Planai,,,,,,
Graz,,,,,,
Berufsverkehrs,,,,,,
Eggerheims,,,,,,
Dagebüll,,,,,,
Tag am See,,,,,,
Kernelement,,,,,,
Skirollerskates,,,,,,
Home-Office,,,,,,
The Sinking City 2,,,,,,
Sequel The Sinking City 2,,,,,,
Oberwiesenthal,,,,,,
Erzgebirgskreis,,,,,,
dpa/sn,,,,,,
Schneereg…,,,,,,
Schneefallgrenze,,,,,,
Wiener Bezirken,,,,,,
Gebirgsregionen,,,,,,
Gewehe,,,,,,
Sölden,,,,,,
Offenbach/Poppenhausen,,,,,,
Montagnachmittag,,,,,,
Hochfügenerstraße,,,,,,
Zillertal,,,,,,
Tirols Bergen,,,,,,
Hahntennjoch,,,,,,
Imst,,,,,,
Bürgergeld,,,,,,
Klimawandels,,,,,,
Olympiapark Wettkämpfe,,,,,,
Olympiapark,,,,,,
Reifenwechsel,,,,,,
Millionär,,,,,,
Safety-Modus,,,,,,
Berglandes,,,,,,
Bayerns Alpen,,,,,,
Osthangs,,,,,,
Tibet,,,,,,
Subpolarwirbel,,,,,,
Nordatlantik,,,,,,
Kältefront,,,,,,
Sardinien,,,,,,
Sonne,,,,,,
Strand,,,,,,
Meer,,,,,,
BGH,,,,,,
Wetter-Mix,,,,,,
Hoch Sieglinde,,,,,,
Südosteuropa,,,,,,
freundliches Wetter,,,,,,
Annaberg-Buchholz,,,,,,
Biathlon-Weltverband,,,,,,
Winterpaket,,,,,,
Skipiste,,,,,,
Stunden am Morgen,,,,,,
Sachsen-Anhalts,,,,,,
Baden-Württemberg w…,,,,,,
Mittelgebirgsraum,,,,,,
Hessens Bergen,,,,,,
Schmitten,,,,,,
Hessen ge,,,,,,
Allgäu,,,,,,
Eiskratzen am Morgen,,,,,,
Winters,,,,,,
Dresden/Magdeburg/Erfurt,,,,,,
Metern,,,,,,
Infrastrukturministeriums,,,,,,
Deutsch…,,,,,,
Reschenstraße,,,,,,
Kajetansbrücke,,,,,,
Finstermünz,,,,,,
Martinsbruck,,,,,,
Oberösterreichs,,,,,,
Innviertel,,,,,,
Lambrechten,,,,,,
Bezirk R…,,,,,,
Thalfang,,,,,,
Passauer,,,,,,
den Niederlanden,,,,,,
Karacho,,,,,,
Winterdiesel,,,,,,
Diesel-Fahrer,,,,,,
H5N1,,,,,,
Arlberg,,,,,,
Reichensteuer,,,,,,
Energiesparmodus,,,,,,
BVG,,,,,,
Mitreden,,,,,,
Warme Getränke,,,,,,
Chile,,,,,,
Bietigheim-Bissingen,,,,,,
Garten,,,,,,
Wolken-Nebel-Mix,,,,,,
Winterjacke,,,,,,
Übergangsmantel,,,,,,
Schal,,,,,,
Sonnenbrille,,,,,,
Schwarzenberg,,,,,,
Lauterbach,,,,,,
Deu…,,,,,,
Löwen,,,,,,
feucht-kühl,,,,,,
st…,,,,,,
Modriach,,,,,,
Packgebiet,,,,,,
Weihnachten,,,,,,
Wetterwoche,,,,,,
Verkehrsunfälle,,,,,,
Lüneburg,,,,,,
Schwarzwald am Samstag,,,,,,
Sturmtief «Elli,,,,,,
Lawinenabgängen,,,,,,
Norddeutsc…,,,,,,
Oberstdorf,,,,,,
Landkreis Oberallgäu,,,,,,
Unwettergefahr,,,,,,
Wochenbeginn,,,,,,
Schnellcheck,,,,,,
Österreich heuer,,,,,,
Viktualienmarkt,,,,,,
Obdachlosenhilfe St. Bonifaz groß,,,,,,
nu…,,,,,,
Haneberghaus,,,,,,
Benediktinerabtei St. Bonifaz,,,,,,
Wochenstart,,,,,,
unwetterartiger,,,,,,
Nordrhein-Westfalens,,,,,,
Oberbergischen Land,,,,,,
A45,,,,,,
Hinweisportal,,,,,,
heiße Tee,,,,,,
Sarajevo,,,,,,
Smog,,,,,,
län…,,,,,,
Termine,,,,,,
Hamburg-Konzerte,,,,,,
Oreschnik-Einsatz,,,,,,
Ukraine beka…,,,,,,
Nato-Gebiet,,,,,,
Landkreis Dingolfing-Landau,,,,,,
Wintersturmfront „Elli“,,,,,,
Wintersturmfront Elli,,,,,,
Spielplatz,,,,,,
Räumfahrzeugen,,,,,,
Mülltonnen,,,,,,
Th…,,,,,,
Straße zur akuten Gefahr,,,,,,
Komplikationen,,,,,,
Millerntor-Stadion,,,,,,
St. Pauli vs.,,,,,,
Naturpelz,,,,,,
Bremerhaven,,,,,,
Bronco,,,,,,
Balkan,,,,,,
Todesfälle,,,,,,
Niederrhein,,,,,,
Evangelischen Waldkrankenhaus Spandau,,,,,,
Magdeburg,,,,,,
Rhein-Herne-Kanal,,,,,,
Bottrop,,,,,,
Salatgurkenpreis,,,,,,
Fernost-Russland,,,,,,
Fernen Osten,,,,,,
Fernen Osten Russlands,,,,,,
Ausnahmezustand,,,,,,
Berlin/Potsdam,,,,,,
Zell Oberwinkel,,,,,,
Karawanken,,,,,,
Offenb…,,,,,,
Duisburg,,,,,,
Wetter-Vorhersage,,,,,,
Ostfriesland,,,,,,
Nienburg,,,,,,
Göttingen,,,,,,
Holzminden,,,,,,
Schaumberg,,,,,,
i…,,,,,,
Walsrode,,,,,,
Landkreis,,,,,,
Eggerheim,,,,,,
Pazifik,,,,,,
Hamburgs meterhohe Eisberge,,,,,,
Meterhohe Eisberge,,,,,,
Gewässern,,,,,,
Heiße Suppe,,,,,,
Schleswig-Holsteins,,,,,,
Nachschub,,,,,,
Nachlieferungen,,,,,,
Kälterekord,,,,,,
Pitztaler,,,,,,
Sonnblick,,,,,,
Berlin-Brandenburg,,,,,,
Unfallzahl,,,,,,
Rebus,,,,,,
Landkreis Rostock,,,,,,
Kreis…,,,,,,
Rostock,,,,,,
Neubrandenburg,,,,,,
Los Angeles,,,,,,
Landkreises Rostock,,,,,,
Ost-Frost,,,,,,
Tigermückeneier,,,,,,
Damaskus,,,,,,
Bloudan,,,,,,
Haus,,,,,,
Beschlag,,,,,,
Schweiz,,,,,,
Österreichern,,,,,,
Strich,,,,,,
Party,,,,,,
Großeinsatz,,,,,,
Rettungsstelle,,,,,,
Sü…,,,,,,
Lehrter Straße,,,,,,
Mi…,,,,,,
Alkoholtest,,,,,,
Kältebus,,,,,,
Brandstifter,,,,,,
Flughafen Schiphol,,,,,,
Lkw Autobahnen,,,,,,
Kälte-Chaos,,,,,,
Brandenburg im Winterwunderland,,,,,,
Polizeipräsidiums Westpfalz,,,,,,
Winterferien,,,,,,
Geosphere Austria am Sonntag,,,,,,
Nordtirol,,,,,,
Zwönitz,,,,,,
Obersteiermark,,,,,,
Zentrum,,,,,,
Alpentälern,,,,,,
Flughafen laufe,,,,,,
Parkplätze,,,,,,
Torfhaus,,,,,,
Braunlage,,,,,,
Mainz/Offenbach,,,,,,
Geesthacht,,,,,,
Niederschläge,,,,,,
Glatteis-Crash,,,,,,
Eisalarm,,,,,,
A1 krachen,,,,,,
Nieselregen,,,,,,
Deutschlands</li><li,,,,,,
Nord-Osten,,,,,,
Unfälle</li><li,,,,,,
Virchow-Klinikum,,,,,,
Carité,,,,,,
Stadt überlastet</li><li,,,,,,
Nordostküste,,,,,,
’s,,,,,,
Verkehrsunfällen,,,,,,
Ostwestfalen-Lippe,,,,,,
Kre…,,,,,,
Obdachlosen-Versorgung,,,,,,
Tausalzgemisch…,,,,,,
Kältebusse,,,,,,
Winterkeule,,,,,,
Pichelsberg,,,,,,
Dreikönigstag winterlich,,,,,,
Mittelbaden,,,,,,
Oberhof,,,,,,
Bergepanzer,,,,,,
Winter-Sturmtief Elli,,,,,,
Kommunen,,,,,,
WELT-Reporter,,,,,,
Liveblog Minusgrade,,,,,,
Berliner Unfallkrankenhaus,,,,,,
Knochenbrüchen,,,,,,
Platzwunden am Kopf,,,,,,
Schädelhirntraumata,,,,,,
Flughafen …,,,,,,
Flügen,,,,,,
Blitz-Eis,,,,,,
Starkschnee,,,,,,
Grundsatz,,,,,,
Sturmflut-Warnung,,,,,,
Republik,,,,,,
Bilderbuchwinters,,,,,,
Wärmestuben,,,,,,
Grippewelle,,,,,,
Schulen,,,,,,
Online-Unterricht,,,,,,
Ungarn,,,,,,
deutsch-polnischen Grenze,,,,,,
Girona,,,,,,
Kanälen,,,,,,
Nou Estadi,,,,,,
Kaninchenmantel,,,,,,
Pelze,,,,,,
Kaninchenfell,,,,,,
Vorschein,,,,,,
Super-Kälte,,,,,,
Stau,,,,,,
Fakten,,,,,,
Straßennetzes,,,,,,
Hameln,,,,,,
Müllabfuhr,,,,,,
Restmüll,,,,,,
Bioabfall,,,,,,
Altpapier,,,,,,
Lauf-Alternativen,,,,,,
Nordseek…,,,,,,
Wienern,,,,,,
Donau,,,,,,
Futterhäuser,,,,,,
Neuschnees,,,,,,
Grachten,,,,,,
Berliner Staudenmarkt,,,,,,
